{"activate_func": 0.3705681065462436, "batch_size": 59.77729603397106, "drop_prod": 0.32255092815907316, "epochs": 1604.663743917312, "hidden_size": 244.2402375610829, "lr": 0.01088685506276649, "num_layers": 1.7098777476474254}